{
  "full_path": [
    {
      "impl": "full_path",
      "num_blocks": 16,
      "tree_height": 5,
      "bucket_size": 4,
      "num_leaves": 16,
      "init_time": 2.09808349609375e-05,
      "write_time": 0.00018215179443359375,
      "read_time": 0.0012259483337402344,
      "mixed_time": 0.0010159015655517578,
      "final_stash_size": 49,
      "avg_write_time": 1.138448715209961e-05,
      "avg_read_time": 3.8310885429382324e-05,
      "avg_mixed_time": 3.174692392349243e-05
    },
    {
      "impl": "full_path",
      "num_blocks": 32,
      "tree_height": 6,
      "bucket_size": 4,
      "num_leaves": 32,
      "init_time": 1.7881393432617188e-05,
      "write_time": 0.0015249252319335938,
      "read_time": 0.0057489871978759766,
      "mixed_time": 0.005362033843994141,
      "final_stash_size": 150,
      "avg_write_time": 4.7653913497924805e-05,
      "avg_read_time": 8.982792496681213e-05,
      "avg_mixed_time": 8.378177881240845e-05
    },
    {
      "impl": "full_path",
      "num_blocks": 32,
      "tree_height": 16,
      "bucket_size": 8,
      "num_leaves": 32768,
      "init_time": 0.012124061584472656,
      "write_time": 0.0009260177612304688,
      "read_time": 0.034928083419799805,
      "mixed_time": 0.06405782699584961,
      "final_stash_size": 580,
      "avg_write_time": 2.893805503845215e-05,
      "avg_read_time": 0.000545751303434372,
      "avg_mixed_time": 0.0010009035468101501
    },
    {
      "impl": "full_path",
      "num_blocks": 64,
      "tree_height": 16,
      "bucket_size": 8,
      "num_leaves": 32768,
      "init_time": 0.013763189315795898,
      "write_time": 0.0029039382934570312,
      "read_time": 0.25627994537353516,
      "mixed_time": 0.18347406387329102,
      "final_stash_size": 1161,
      "avg_write_time": 4.537403583526611e-05,
      "avg_read_time": 0.0020021870732307434,
      "avg_mixed_time": 0.001433391124010086
    },
    {
      "impl": "full_path",
      "num_blocks": 128,
      "tree_height": 17,
      "bucket_size": 8,
      "num_leaves": 65536,
      "init_time": 0.03012990951538086,
      "write_time": 0.05769491195678711,
      "read_time": 1.069444179534912,
      "mixed_time": 0.9705958366394043,
      "final_stash_size": 6972,
      "avg_write_time": 0.0004507414996623993,
      "avg_read_time": 0.00534722089767456,
      "avg_mixed_time": 0.004852979183197021
    }
  ],
  "differential": [
    {
      "impl": "differential",
      "num_blocks": 16,
      "tree_height": 5,
      "bucket_size": 4,
      "num_leaves": 16,
      "init_time": 1.3113021850585938e-05,
      "write_time": 0.00011301040649414062,
      "read_time": 0.00025582313537597656,
      "mixed_time": 0.0002071857452392578,
      "final_stash_size": 0,
      "avg_write_time": 7.063150405883789e-06,
      "avg_read_time": 7.994472980499268e-06,
      "avg_mixed_time": 6.474554538726807e-06,
      "speedup_read": 4.792171481826654,
      "speedup_write": 1.6118143459915613,
      "speedup_mixed": 4.903337169159954
    },
    {
      "impl": "differential",
      "num_blocks": 32,
      "tree_height": 6,
      "bucket_size": 4,
      "num_leaves": 32,
      "init_time": 1.71661376953125e-05,
      "write_time": 0.0003101825714111328,
      "read_time": 0.0006546974182128906,
      "mixed_time": 0.0006251335144042969,
      "final_stash_size": 1,
      "avg_write_time": 9.6932053565979e-06,
      "avg_read_time": 1.0229647159576416e-05,
      "avg_mixed_time": 9.767711162567139e-06,
      "speedup_read": 8.781136198106337,
      "speedup_write": 4.916218293620292,
      "speedup_mixed": 8.577421815408085
    },
    {
      "impl": "differential",
      "num_blocks": 32,
      "tree_height": 16,
      "bucket_size": 8,
      "num_leaves": 32768,
      "init_time": 0.0116119384765625,
      "write_time": 0.0005083084106445312,
      "read_time": 0.0008418560028076172,
      "mixed_time": 0.0008420944213867188,
      "final_stash_size": 0,
      "avg_write_time": 1.58846378326416e-05,
      "avg_read_time": 1.3154000043869019e-05,
      "avg_mixed_time": 1.315772533416748e-05,
      "speedup_read": 41.48937977909941,
      "speedup_write": 1.8217636022514072,
      "speedup_mixed": 76.0696489241223
    },
    {
      "impl": "differential",
      "num_blocks": 64,
      "tree_height": 16,
      "bucket_size": 8,
      "num_leaves": 32768,
      "init_time": 0.011632919311523438,
      "write_time": 0.0007429122924804688,
      "read_time": 0.0016620159149169922,
      "mixed_time": 0.0016450881958007812,
      "final_stash_size": 0,
      "avg_write_time": 1.1608004570007324e-05,
      "avg_read_time": 1.2984499335289001e-05,
      "avg_mixed_time": 1.2852251529693604e-05,
      "speedup_read": 154.1982498924114,
      "speedup_write": 3.908857509627728,
      "speedup_mixed": 111.52840579710146
    },
    {
      "impl": "differential",
      "num_blocks": 128,
      "tree_height": 17,
      "bucket_size": 8,
      "num_leaves": 65536,
      "init_time": 0.03040909767150879,
      "write_time": 0.0018088817596435547,
      "read_time": 0.00292205810546875,
      "mixed_time": 0.002789020538330078,
      "final_stash_size": 0,
      "avg_write_time": 1.4131888747215271e-05,
      "avg_read_time": 1.461029052734375e-05,
      "avg_mixed_time": 1.3945102691650391e-05,
      "speedup_read": 365.990045691906,
      "speedup_write": 31.895347304599973,
      "speedup_mixed": 348.0059839288767
    }
  ],
  "secure_differential": [
    {
      "impl": "secure_differential",
      "num_blocks": 16,
      "tree_height": 5,
      "bucket_size": 4,
      "num_leaves": 16,
      "init_time": 1.1920928955078125e-05,
      "write_time": 0.00031685829162597656,
      "read_time": 0.0015332698822021484,
      "mixed_time": 0.0013818740844726562,
      "final_stash_size": 667,
      "avg_write_time": 1.9803643226623535e-05,
      "avg_read_time": 4.791468381881714e-05,
      "avg_mixed_time": 4.318356513977051e-05,
      "speedup_read": 0.7995646089255171,
      "speedup_write": 0.5748683220466516,
      "speedup_mixed": 0.7351621808143547
    },
    {
      "impl": "secure_differential",
      "num_blocks": 32,
      "tree_height": 6,
      "bucket_size": 4,
      "num_leaves": 32,
      "init_time": 1.7881393432617188e-05,
      "write_time": 0.0008089542388916016,
      "read_time": 0.0029191970825195312,
      "mixed_time": 0.005692958831787109,
      "final_stash_size": 1552,
      "avg_write_time": 2.527981996536255e-05,
      "avg_read_time": 4.5612454414367676e-05,
      "avg_mixed_time": 8.895248174667358e-05,
      "speedup_read": 1.96937275400196,
      "speedup_write": 1.8850574712643677,
      "speedup_mixed": 0.9418711784906608
    },
    {
      "impl": "secure_differential",
      "num_blocks": 32,
      "tree_height": 16,
      "bucket_size": 8,
      "num_leaves": 32768,
      "init_time": 0.01340794563293457,
      "write_time": 0.0034101009368896484,
      "read_time": 0.020033836364746094,
      "mixed_time": 0.04162907600402832,
      "final_stash_size": 12739,
      "avg_write_time": 0.00010656565427780151,
      "avg_read_time": 0.0003130286931991577,
      "avg_mixed_time": 0.0006504543125629425,
      "speedup_read": 1.7434545627647926,
      "speedup_write": 0.2715514227784381,
      "speedup_mixed": 1.5387760946135562
    },
    {
      "impl": "secure_differential",
      "num_blocks": 64,
      "tree_height": 16,
      "bucket_size": 8,
      "num_leaves": 32768,
      "init_time": 0.01152801513671875,
      "write_time": 0.008353948593139648,
      "read_time": 0.0703730583190918,
      "mixed_time": 0.14563298225402832,
      "final_stash_size": 23651,
      "avg_write_time": 0.000130530446767807,
      "avg_read_time": 0.0005497895181179047,
      "avg_mixed_time": 0.0011377576738595963,
      "speedup_read": 3.6417338040289193,
      "speedup_write": 0.34761266017865805,
      "speedup_mixed": 1.259838678255289
    },
    {
      "impl": "secure_differential",
      "num_blocks": 128,
      "tree_height": 17,
      "bucket_size": 8,
      "num_leaves": 65536,
      "init_time": 0.02682805061340332,
      "write_time": 0.03729414939880371,
      "read_time": 0.17754507064819336,
      "mixed_time": 0.3803398609161377,
      "final_stash_size": 40592,
      "avg_write_time": 0.000291360542178154,
      "avg_read_time": 0.0008877253532409668,
      "avg_mixed_time": 0.0019016993045806885,
      "speedup_read": 6.023508147145478,
      "speedup_write": 1.5470231359838387,
      "speedup_mixed": 2.551917209785734
    }
  ],
  "test_time": "2025-08-08 13:39:08"
}